MonitoringLocationIdentifier,MonitoringLocationName,LatitudeMeasure,LongitudeMeasure,Distance_to_Swamp_km,Bug_Rating,Distance_to_Bugs_km
21NC03WQ-J8150000,CREEPING SWAMP AT NC 43 NR VANCEBORO,35.39164,-77.23134,0.006410564574731184,Good-Fair,2.0000077760594257
21NCMONITORING-J6890000,Contentnea Creek at SR 1622 Evansdale Road near Wilson,35.6429,-77.8902,0.010139239214122762,Good-Fair,0.028204084071790803
21NCMONITORING-O7100000,Flat Swamp at SR 1157 near Robersonville,35.78183,-77.25683,0.051478804383946024,Moderate,0.022117730281997264
21NCMONITORING-O7000000,Flat Swamp at SR 1159 (Third St) at Robersonville,35.81602,-77.26421,0.008524306359275006,Moderate,0.028904692890785427
21NC03WQ-J7810000,CONTENTNEA CRK NR SR 1800 AT GRIFTON,35.36852,-77.43412,0.007269790485255486,Good-Fair,0.10158768741562253
21NC03WQ-O7116000,BRIERY SWAMP BESIDE SR 1545 NR STOKES,35.73492,-77.28152,0.010302568879483791,Moderate,0.03855113834356789
21NC03WQ-O7300000,TRANTERS CRK AT SR 1403 NR WASHINGTON,35.56297,-77.0864,0.029733876947635525,Good-Fair,0.15938391585854642
21NCMONITORING-J6055000,Mosley Creek at SR 1327 Willey Measley Road near LaGrange,35.3119,-77.7313,0.004993908470197338,Good-Fair,0.5891656866209769
21NC03WQ-O7119000,HAW BRANCH AT VOICE OF AMERICA NR LEGGETTS CROSSROADS,35.69308,-77.15827,0.020271147799634966,Moderate,0.03241861341145554
21NCCOALITIONS-O7000000,Flat Swamp at SR 1159 (Third St) at Robersonville,35.81602,-77.26421,0.008524306359275006,Moderate,0.028904692890785427
21NCCOALITIONS-O7100000,Flat Swamp at SR 1157 near Robersonville,35.78183,-77.25683,0.051478804383946024,Moderate,0.022117730281997264
21NCCOALITIONS-J6890000,CONTENTNEA CRK AT SR 1622 EVANSDALE RD NR WILSON,35.6429,-77.8902,0.010139239214122762,Good-Fair,0.028204084071790803
21NC02WQ-O7300000,TRANTERS CRK AT SR 1403 NR WASHINGTON,35.56297,-77.0864,0.029733876947635525,Good-Fair,0.15938391585854642
21NC03WQ-J7301000,MOCCASIN RUN AT SR 1543 NR PIKEVILLE,35.49014,-77.93728,0.039329773094396475,Good-Fair,2.705039805519789
21NCCOALITIONS-J6055000,MOSLEY CRK AT SR 1327 WILLEY MEASLEY RD NR LAGRANGE,35.3119,-77.7313,0.004993908470197338,Good-Fair,0.5891656866209769
21NC02WQ-J7810000,CONTENTNEA CRK NR SR 1800 AT GRIFTON,35.36842,-77.43395,0.015259701812044795,Good-Fair,0.07965663378257626
21NC02WQ-J8150000,CREEPING SWAMP AT NC 43 NR VANCEBORO,35.39164,-77.23134,0.006410564574731184,Good-Fair,2.0000077760594257
21NC01WQ-J8150000,CREEPING SWAMP AT HWY 43 NR VANCEBORO,35.3916,-77.2313,0.010129040486078194,Good-Fair,2.0025077514147456
21NC02WQ-J8670000,TRENT RIV AT SR 1130 NR PLEASANT HILL,35.053,-77.569,0.1374913494386516,Moderate,2.6135119686910073
21NC03WQ-O7000000,FLAT SWAMP AT SR 1159 THIRD ST AT ROBERSONVILLE,35.81602,-77.26421,0.008524306359275006,Moderate,0.028904692890785427
21NC01WQ-J7320000,NAHUNTA SWAMP NR SHINE,35.489,-77.806,0.0044921756768256,Good-Fair,0.017455124438383828
21NC01WQ-J7810000,CONTENTNEA CRK NR SR 1800 AT GRIFTON,35.3684,-77.434,0.02066028093347351,Good-Fair,0.08344992189059917
21NC01WQ-J8670000,TRENT RIV AT SR 1130 NR PLEASANT HILL,35.053,-77.569,0.1374913494386516,Moderate,2.6135119686910073
21NC01WQ-O7300000,TRANTERS CRK AT SR 1403 NR WASHINGTON,35.563,-77.0864,0.026621378722814767,Good-Fair,0.15726599240527642
21NC01WQ-B8820000,BLACK RIV NR DUNN,35.283,-78.638,0.039685092010967295,Moderate,0.025458539234222168
21NC01WQ-B9100000,NORTHEAST CAPE FEAR RIV AT NC 11 AT KORNEGAY,35.053,-77.838,0.006981940409210062,Good-Fair,0.044502010064501184
21NC01WQ-J6890000,CONTENTNEA CRK AT SR 1622 NEAR WILSON NC,35.6429,-77.8902,0.010139239214122762,Good-Fair,0.028204084071790803
21NC01WQ-O7000000,FLAT SWAMP AT ROBERSONVILLE INACT 750401,35.817,-77.264,0.11744285575374722,Moderate,0.14018994913249191
21NC01WQ-J7770000,CONTENTNEA CRK ATNC11 ATGRIFTON INACT 750407,35.371,-77.444,0.20558862711775733,Good-Fair,1.2304612983770944
21NC01WQ-O7100000,FLAT SWAMP NR ROBERSONVILLE INACT 750401,35.781,-77.257,0.12715338792762876,Moderate,0.0744279568080942
21NC01WQ-O7120000,TRANTERS CRK AT SR 1556 NR WASHINGTON,35.677,-77.172,0.0071617912690992965,Moderate,1.39781557188769
21NC01WQ-O7400000,KENNEDY CRK NR WASHINGTON INACT 750505,35.55,-77.083,0.4953485696596576,Good-Fair,1.6234243029782793
21NC01WQ-B9180000,GOSHEN SWAMP AT NC 403 NR FAISON,35.123,-78.093,0.017424012052088097,Good-Fair,0.0722856828882541
